{"cameraMode":{"drawMode":0,"name":"Shaded","section":"Shading Mode"},"sceneLighting":true,"audioPlay":false,"sceneViewState":{"showFog":false,"showMaterialUpdate":false,"showSkybox":false,"showFlares":false,"showImageEffects":false,"showParticleSystems":false},"in2DMode":false,"pivot":{"x":2.5593459606170656,"y":-4.707700729370117,"z":0.8452930450439453},"rotation":{"x":0.4430348873138428,"y":0.008068426512181759,"z":-0.003987448289990425,"w":0.8964592218399048},"size":33.70904541015625,"orthographic":false}