{"cameraMode":{"drawMode":0,"name":"Shaded","section":"Shading Mode"},"sceneLighting":true,"audioPlay":false,"sceneViewState":{"showFog":false,"showMaterialUpdate":false,"showSkybox":false,"showFlares":false,"showImageEffects":false,"showParticleSystems":false},"in2DMode":false,"pivot":{"x":-1.5163213014602662,"y":3.4416093826293947,"z":-2.254192352294922},"rotation":{"x":-0.11612814664840698,"y":-0.013410229235887528,"z":0.0015665304381400347,"w":-0.9931424856185913},"size":36.26435089111328,"orthographic":false}